{
    "city" :{
        "cities" : [
            "서울",
            "광주",
            "대전",
            "부산",
            "대구",
            "인천",
            "울산"
        ]
    },
    "district" :{
        "districts" : [
            "강남구",
            "강동구",
            "강북구", 
            "강서구", 
            "관악구", 
            "광진구", 
            "구로구", 
            "금천구", 
            "노원구", 
            "도봉구", 
            "동대문구", 
            "동작구", 
            "마포구", 
            "서대문구", 
            "서초구", 
            "성동구", 
            "성북구", 
            "송파구", 
            "양천구", 
            "영등포구", 
            "용산구", 
            "은평구", 
            "종로구", 
            "중구", 
            "중랑구"
        
        ]
    },
    "service":{
        "services" : [
            "베이비시터",
            "등하원도우미",
            "요양보호사",
            "간병인",
            "병원동행인",
            "기타"
        ]	
    },
    "search" :{
        "helperList" : [
			{
				"name" : "김문어",
				"id" : 20,
				"city" : "서울",
				"country" : "종로구",
				"gender" : "여",
				"imageID" : null ,
				"reviewCount" : 12
			},
			{
				"name" : "윤바덕",
				"id" : 21,
				"city" : "서울",
				"country" : "종로구",
				"gender" : "여",
				"imageID" : null ,
				"reviewCount" : 10
			},
			{
				"name" : "전우미",
				"id" : 22,
				"city" : "서울",
				"country" : "종로구",
				"gender" : "여",
				"imageID" : null ,
				"reviewCount" : 23
			}
        ]
    }
}